list,country,systems,rmax_pflops,rpeak_pflops,systems_acad_research,rmax_acad_research
2023_11,Argentina,1,3.88,5.99,1.0,3.88
2023_11,Australia,6,44.9,63.19,5.0,42.81
2023_11,Austria,2,5.04,6.81,2.0,5.04
2023_11,Belgium,1,2.72,3.09,0.0,0.0
2023_11,Brazil,9,55.72,106.05,1.0,3.66
2023_11,Bulgaria,2,7.049999999999999,9.15,2.0,7.049999999999999
2023_11,Canada,10,41.21,71.92,5.0,17.75
2023_11,China,105,409.24,733.91,10.0,175.56
2023_11,Czechia,2,9.59,12.91,2.0,9.59
2023_11,Finland,3,391.39,546.2,3.0,391.39
2023_11,France,23,173.22,249.53,13.0,126.52
2023_11,Germany,36,256.27,391.11,33.0,244.12
2023_11,Hungary,1,3.1,4.51,1.0,3.1
2023_11,India,4,19.45,25.259999999999998,4.0,19.45
2023_11,Ireland,4,11.4,22.439999999999998,0.0,0.0
2023_11,Italy,11,330.11,434.46000000000004,6.0,273.21999999999997
2023_11,Japan,32,669.84,866.46,28.0,658.71
2023_11,Luxembourg,2,12.809999999999999,18.29,2.0,12.809999999999999
2023_11,Morocco,1,3.16,5.01,1.0,3.16
2023_11,Netherlands,10,86.83,150.89000000000001,3.0,11.13
2023_11,Norway,5,15.959999999999999,24.96,1.0,4.72
2023_11,Poland,4,13.809999999999999,20.5,4.0,13.809999999999999
2023_11,Russia,7,73.72,101.75,1.0,2.48
2023_11,Saudi Arabia,7,90.92,138.59,2.0,41.199999999999996
2023_11,Singapore,3,9.04,15.780000000000001,2.0,5.91
2023_11,Slovenia,2,6.92,10.05,2.0,6.92
2023_11,South Korea,12,151.32,207.86,4.0,24.1
2023_11,Spain,3,184.76999999999998,322.24,3.0,184.76999999999998
2023_11,Sweden,6,47.6,68.82000000000001,5.0,25.75
2023_11,Switzerland,3,26.67,36.4,2.0,24.32
2023_11,Taiwan,5,31.59,43.03,3.0,14.83
2023_11,Thailand,1,8.15,13.77,1.0,8.15
2023_11,United Arab Emirates,1,7.26,9.49,0.0,0.0
2023_11,United Kingdom,15,81.7,142.07,11.0,72.55
2023_11,United States,161,3725.81,5663.4,69.0,2503.9700000000003
2024_06,Argentina,1,3.88,5.99,1.0,3.88
2024_06,Australia,5,55.63,74.95,4.0,40.69
2024_06,Austria,2,5.04,6.81,2.0,5.04
2024_06,Belgium,1,2.72,3.09,0.0,0.0
2024_06,Brazil,8,53.63,101.92,1.0,3.66
2024_06,Bulgaria,2,7.049999999999999,9.15,2.0,7.049999999999999
2024_06,Canada,10,41.21,71.92,5.0,17.75
2024_06,China,80,356.82,627.65,8.0,170.88
2024_06,Czechia,3,17.990000000000002,21.78,2.0,9.59
2024_06,Finland,3,391.39,546.2,3.0,391.39
2024_06,France,24,232.74,363.39,14.0,185.96
2024_06,Germany,40,274.90999999999997,421.18,37.0,262.76
2024_06,Hungary,1,3.1,4.51,1.0,3.1
2024_06,Iceland,1,10.53,17.02,0.0,0.0
2024_06,India,4,19.45,25.259999999999998,4.0,19.45
2024_06,Ireland,4,11.4,22.439999999999998,0.0,0.0
2024_06,Italy,11,332.61,436.3,6.0,275.71999999999997
2024_06,Japan,29,672.1,888.12,26.0,663.06
2024_06,Luxembourg,2,12.809999999999999,18.29,2.0,12.809999999999999
2024_06,Morocco,1,3.16,5.01,1.0,3.16
2024_06,Netherlands,9,84.7,147.82,2.0,9.0
2024_06,Norway,5,15.959999999999999,24.96,1.0,4.72
2024_06,Poland,8,65.76,104.60000000000001,8.0,65.76
2024_06,Portugal,1,3.96,5.01,1.0,3.96
2024_06,Russia,7,73.72,101.75,1.0,2.48
2024_06,Saudi Arabia,8,99.41,152.76,2.0,41.199999999999996
2024_06,Singapore,3,9.04,15.780000000000001,2.0,5.91
2024_06,Slovenia,2,6.92,10.05,2.0,6.92
2024_06,South Korea,13,186.44,246.09,3.0,22.07
2024_06,Spain,3,221.87,306.11,3.0,221.87
2024_06,Sweden,7,50.09,72.19,5.0,25.75
2024_06,Switzerland,5,312.14,412.26,4.0,309.79
2024_06,Taiwan,6,53.89,77.56,3.0,14.83
2024_06,Thailand,1,8.15,13.77,1.0,8.15
2024_06,Turkey,1,3.0,3.56,0.0,0.0
2024_06,United Arab Emirates,2,12.35,15.33,1.0,5.09
2024_06,United Kingdom,16,89.37,151.57,13.0,82.31
2024_06,United States,171,4408.33,6968.8,73.0,3102.9
2025_11,Argentina,1,5.39,12.58,1.0,5.39
2025_11,Australia,4,55.22,73.11,3.0,40.28
2025_11,Austria,2,34.57,57.519999999999996,2.0,34.57
2025_11,Belgium,1,2.78,3.97,0.0,0.0
2025_11,Brazil,10,124.52,242.56,2.0,17.95
2025_11,Bulgaria,1,4.52,5.94,1.0,4.52
2025_11,Canada,19,158.21,242.02,11.0,86.19
2025_11,China,40,204.91,343.81,4.0,102.17
2025_11,Czechia,3,17.990000000000002,21.78,2.0,9.59
2025_11,Denmark,1,66.59,100.63,1.0,66.59
2025_11,Finland,3,391.39,546.2,3.0,391.39
2025_11,France,23,334.65,514.26,15.0,279.98
2025_11,Germany,40,1396.14,1821.1299999999999,39.0,1388.52
2025_11,Hungary,1,3.1,4.51,1.0,3.1
2025_11,Iceland,1,10.53,17.02,0.0,0.0
2025_11,India,6,113.49000000000001,141.76,5.0,29.18
2025_11,Ireland,2,6.699999999999999,13.16,0.0,0.0
2025_11,Israel,3,108.81,130.1,0.0,0.0
2025_11,Italy,18,888.81,1149.8,11.0,331.7
2025_11,Japan,43,1426.0,1856.57,31.0,947.4599999999999
2025_11,Kazakhstan,2,38.41,52.18,0.0,0.0
2025_11,Luxembourg,1,10.52,15.29,1.0,10.52
2025_11,Morocco,1,3.16,5.01,1.0,3.16
2025_11,Netherlands,7,291.3,489.41,3.0,22.64
2025_11,Norway,9,44.07,62.06,3.0,22.169999999999998
2025_11,Poland,8,70.99,110.45,7.0,63.42
2025_11,Portugal,1,4.02,5.01,1.0,4.02
2025_11,Russia,5,68.98,93.79,0.0,0.0
2025_11,Saudi Arabia,7,216.51999999999998,305.06,2.0,158.45999999999998
2025_11,Singapore,5,38.29,62.5,4.0,35.16
2025_11,Slovakia,1,10.21,11.43,1.0,10.21
2025_11,Slovenia,2,6.92,10.05,2.0,6.92
2025_11,South Korea,15,323.11,442.29,3.0,22.07
2025_11,Spain,3,221.87,306.11,3.0,221.87
2025_11,Sweden,8,66.95,95.15,6.0,33.8
2025_11,Switzerland,3,450.29999999999995,601.11,3.0,450.29999999999995
2025_11,Taiwan,10,208.6,300.09000000000003,4.0,107.14
2025_11,Thailand,2,22.0,35.45,1.0,8.15
2025_11,Turkey,2,15.09,22.38,0.0,0.0
2025_11,United Arab Emirates,5,141.76,228.29,2.0,24.57
2025_11,United Kingdom,9,378.12,522.3199999999999,8.0,299.92
2025_11,United States,171,6961.3,11002.18,77.0,5301.34
2025_11,Vietnam,1,46.65,67.44,0.0,0.0
