iso3,income,region
ABW,HIC,LCN
AFE,NA,NA
AFG,LIC,MEA
AFR,NA,NA
AFW,NA,NA
AGO,LMC,SSF
ALB,UMC,ECS
AND,HIC,ECS
ARB,NA,NA
ARE,HIC,MEA
ARG,UMC,LCN
ARM,UMC,ECS
ASM,HIC,EAS
ATG,HIC,LCN
AUS,HIC,EAS
AUT,HIC,ECS
AZE,UMC,ECS
BDI,LIC,SSF
BEA,NA,NA
BEC,NA,NA
BEL,HIC,ECS
BEN,LMC,SSF
BFA,LIC,SSF
BGD,LMC,SAS
BGR,HIC,ECS
BHI,NA,NA
BHR,HIC,MEA
BHS,HIC,LCN
BIH,UMC,ECS
BLA,NA,NA
BLR,UMC,ECS
BLZ,UMC,LCN
BMN,NA,NA
BMU,HIC,NAC
BOL,LMC,LCN
BRA,UMC,LCN
BRB,HIC,LCN
BRN,HIC,EAS
BSS,NA,NA
BTN,LMC,SAS
BWA,UMC,SSF
CAA,NA,NA
CAF,LIC,SSF
CAN,HIC,NAC
CEA,NA,NA
CEB,NA,NA
CEU,NA,NA
CHE,HIC,ECS
CHI,HIC,ECS
CHL,HIC,LCN
CHN,UMC,EAS
CIV,LMC,SSF
CLA,NA,NA
CME,NA,NA
CMR,LMC,SSF
COD,LIC,SSF
COG,LMC,SSF
COL,UMC,LCN
COM,LMC,SSF
CPV,UMC,SSF
CRI,HIC,LCN
CSA,NA,NA
CSS,NA,NA
CUB,UMC,LCN
CUW,HIC,LCN
CYM,HIC,LCN
CYP,HIC,ECS
CZE,HIC,ECS
DEA,NA,NA
DEC,NA,NA
DEU,HIC,ECS
DJI,LMC,MEA
DLA,NA,NA
DMA,UMC,LCN
DMN,NA,NA
DNK,HIC,ECS
DNS,NA,NA
DOM,UMC,LCN
DSA,NA,NA
DSF,NA,NA
DSS,NA,NA
DZA,UMC,MEA
EAP,NA,NA
EAR,NA,NA
EAS,NA,NA
ECA,NA,NA
ECS,NA,NA
ECU,UMC,LCN
EGY,LMC,MEA
EMU,NA,NA
ERI,LIC,SSF
ESP,HIC,ECS
EST,HIC,ECS
ETH,LIC,SSF
EUU,NA,NA
FIN,HIC,ECS
FJI,UMC,EAS
FRA,HIC,ECS
FRO,HIC,ECS
FSM,UMC,EAS
FXS,NA,NA
GAB,UMC,SSF
GBR,HIC,ECS
GEO,UMC,ECS
GHA,LMC,SSF
GIB,HIC,ECS
GIN,LMC,SSF
GMB,LIC,SSF
GNB,LIC,SSF
GNQ,UMC,SSF
GRC,HIC,ECS
GRD,UMC,LCN
GRL,HIC,ECS
GTM,UMC,LCN
GUM,HIC,EAS
GUY,HIC,LCN
HIC,NA,NA
HKG,HIC,EAS
HND,LMC,LCN
HPC,NA,NA
HRV,HIC,ECS
HTI,LMC,LCN
HUN,HIC,ECS
IBB,NA,NA
IBD,NA,NA
IBT,NA,NA
IDA,NA,NA
IDB,NA,NA
IDN,UMC,EAS
IDX,NA,NA
IMN,HIC,ECS
IND,LMC,SAS
INX,NA,NA
IRL,HIC,ECS
IRN,UMC,MEA
IRQ,UMC,MEA
ISL,HIC,ECS
ISR,HIC,MEA
ITA,HIC,ECS
JAM,UMC,LCN
JOR,UMC,MEA
JPN,HIC,EAS
KAZ,UMC,ECS
KEN,LMC,SSF
KGZ,LMC,ECS
KHM,LMC,EAS
KIR,LMC,EAS
KNA,HIC,LCN
KOR,HIC,EAS
KWT,HIC,MEA
LAC,NA,NA
LAO,LMC,EAS
LBN,LMC,MEA
LBR,LIC,SSF
LBY,UMC,MEA
LCA,UMC,LCN
LCN,NA,NA
LDC,NA,NA
LIC,NA,NA
LIE,HIC,ECS
LKA,UMC,SAS
LMC,NA,NA
LMY,NA,NA
LSO,LMC,SSF
LTE,NA,NA
LTU,HIC,ECS
LUX,HIC,ECS
LVA,HIC,ECS
MAC,HIC,EAS
MAF,HIC,LCN
MAR,LMC,MEA
MCO,HIC,ECS
MDA,UMC,ECS
MDE,NA,NA
MDG,LIC,SSF
MDV,UMC,SAS
MEA,NA,NA
MEX,UMC,LCN
MHL,UMC,EAS
MIC,NA,NA
MKD,UMC,ECS
MLI,LIC,SSF
MLT,HIC,MEA
MMR,LMC,EAS
MNA,NA,NA
MNE,UMC,ECS
MNG,UMC,EAS
MNP,HIC,EAS
MOZ,LIC,SSF
MRT,LMC,SSF
MUS,UMC,SSF
MWI,LIC,SSF
MYS,UMC,EAS
NAC,NA,NA
NAF,NA,NA
NAM,LMC,SSF
NCL,HIC,EAS
NER,LIC,SSF
NGA,LMC,SSF
NIC,LMC,LCN
NLD,HIC,ECS
NOR,HIC,ECS
NPL,LMC,SAS
NRS,NA,NA
NRU,HIC,EAS
NXS,NA,NA
NZL,HIC,EAS
OED,NA,NA
OMN,HIC,MEA
OSS,NA,NA
PAK,LMC,MEA
PAN,HIC,LCN
PER,UMC,LCN
PHL,UMC,EAS
PLW,HIC,EAS
PNG,LMC,EAS
POL,HIC,ECS
PRE,NA,NA
PRI,HIC,LCN
PRK,LIC,EAS
PRT,HIC,ECS
PRY,UMC,LCN
PSE,LMC,MEA
PSS,NA,NA
PST,NA,NA
PYF,HIC,EAS
QAT,HIC,MEA
ROU,HIC,ECS
RRS,NA,NA
RUS,HIC,ECS
RWA,LIC,SSF
SAS,NA,NA
SAU,HIC,MEA
SDN,LIC,SSF
SEN,LMC,SSF
SGP,HIC,EAS
SLB,LMC,EAS
SLE,LIC,SSF
SLV,UMC,LCN
SMR,HIC,ECS
SOM,LIC,SSF
SRB,UMC,ECS
SSA,NA,NA
SSD,LIC,SSF
SSF,NA,NA
SST,NA,NA
STP,LMC,SSF
SUR,UMC,LCN
SVK,HIC,ECS
SVN,HIC,ECS
SWE,HIC,ECS
SWZ,LMC,SSF
SXM,HIC,LCN
SXZ,NA,NA
SYC,HIC,SSF
SYR,LIC,MEA
TCA,HIC,LCN
TCD,LIC,SSF
TEA,NA,NA
TEC,NA,NA
TGO,LMC,SSF
THA,UMC,EAS
TJK,LMC,ECS
TKM,UMC,ECS
TLA,NA,NA
TLS,LMC,EAS
TMN,NA,NA
TON,UMC,EAS
TSA,NA,NA
TSS,NA,NA
TTO,HIC,LCN
TUN,LMC,MEA
TUR,UMC,ECS
TUV,UMC,EAS
TZA,LMC,SSF
UGA,LIC,SSF
UKR,UMC,ECS
UMC,NA,NA
URY,HIC,LCN
USA,HIC,NAC
UZB,LMC,ECS
VCT,UMC,LCN
VEN,LMC,LCN
VGB,HIC,LCN
VIR,HIC,LCN
VNM,UMC,EAS
VUT,LMC,EAS
WLD,NA,NA
WSM,UMC,EAS
XKX,UMC,ECS
XZN,NA,NA
YEM,LIC,MEA
ZAF,UMC,SSF
ZMB,LMC,SSF
ZWE,LMC,SSF
