iso3,country,systems,val,rmax_pc,researchers_per_million,pc_comp_int,pc_tal_int,gap_int,pc_comp_lvl,pc_tal_lvl,gap_lvl,rank_comp_lvl,rank_tal_lvl,income
AGO,Angola,0.0,0.0,0.0,18.93579,35.294117647058826,2.2058823529411766,33.08823529411765,35.294117647058826,18.38235294117647,16.911764705882355,42,112,LMC
ALB,Albania,0.0,0.0,0.0,428.69994,35.294117647058826,39.705882352941174,-4.411764705882348,35.294117647058826,24.264705882352942,11.029411764705884,42,104,UMC
ARE,United Arab Emirates,5.0,141.76,12.903225806451612,2606.78477,94.11764705882352,73.52941176470588,20.588235294117638,89.70588235294117,67.64705882352942,22.058823529411754,15,45,HIC
ARG,Argentina,1.0,5.39,0.1179530209530302,1312.75278,72.05882352941177,62.5,9.558823529411768,74.26470588235294,79.41176470588235,-5.147058823529406,36,29,UMC
ARM,Armenia,0.0,0.0,0.0,942.22095,35.294117647058826,57.35294117647059,-22.05882352941176,35.294117647058826,41.911764705882355,-6.617647058823529,42,80,UMC
AUS,Australia,4.0,55.22,2.0303850318927084,4568.56658,83.82352941176471,82.35294117647058,1.4705882352941302,84.55882352941177,87.5,-2.941176470588232,22,18,HIC
AUT,Austria,2.0,34.57,3.766623207585284,6633.64894,85.29411764705883,94.85294117647058,-9.558823529411754,80.88235294117648,80.14705882352942,0.735294117647058,27,28,HIC
AZE,Azerbaijan,0.0,0.0,0.0,1662.52798,35.294117647058826,64.70588235294117,-29.411764705882348,35.294117647058826,60.29411764705882,-24.999999999999993,42,55,UMC
BDI,Burundi,0.0,0.0,0.0,22.4816,35.294117647058826,5.147058823529411,30.147058823529413,35.294117647058826,8.823529411764707,26.47058823529412,42,125,LIC
BEL,Belgium,1.0,2.78,0.23442882428885,5990.12849,74.26470588235294,92.64705882352942,-18.382352941176478,70.58823529411765,81.61764705882352,-11.02941176470587,41,26,HIC
BFA,Burkina Faso,0.0,0.0,0.0,46.5781,35.294117647058826,13.23529411764706,22.058823529411768,35.294117647058826,25.735294117647058,9.558823529411768,42,102,LIC
BGR,Bulgaria,1.0,4.52,0.7017085205267595,2400.56923,79.41176470588235,72.05882352941177,7.35294117647058,73.52941176470588,58.82352941176471,14.705882352941174,37,57,HIC
BHR,Bahrain,0.0,0.0,0.0,848.94502,35.294117647058826,54.41176470588235,-19.117647058823522,35.294117647058826,29.411764705882355,5.882352941176471,42,97,HIC
BIH,Bosnia and Herzegovina,0.0,0.0,0.0,705.15606,35.294117647058826,50.0,-14.705882352941174,35.294117647058826,38.23529411764706,-2.941176470588232,42,85,UMC
BLR,Belarus,0.0,0.0,0.0,1567.81421,35.294117647058826,63.23529411764706,-27.941176470588232,35.294117647058826,58.08823529411765,-22.794117647058826,42,58,UMC
BOL,Bolivia,0.0,0.0,0.0,63.0569,35.294117647058826,17.647058823529413,17.647058823529413,35.294117647058826,20.588235294117645,14.705882352941181,42,109,LMC
BRA,Brazil,10.0,124.52,0.5873624441802257,903.20079,78.67647058823529,55.88235294117647,22.79411764705882,88.97058823529412,91.17647058823529,-2.205882352941174,16,13,UMC
BRN,Brunei,0.0,0.0,0.0,506.18125,35.294117647058826,43.38235294117647,-8.088235294117645,35.294117647058826,8.088235294117647,27.20588235294118,42,126,HIC
BTN,Bhutan,0.0,0.0,0.0,236.30666,35.294117647058826,33.82352941176471,1.470588235294116,35.294117647058826,6.61764705882353,28.676470588235297,42,128,LMC
BWA,Botswana,0.0,0.0,0.0,179.77334,35.294117647058826,30.88235294117647,4.411764705882355,35.294117647058826,11.029411764705882,24.264705882352942,42,122,UMC
CAN,Canada,19.0,158.21,3.83180838855782,5624.26883,86.02941176470588,88.97058823529412,-2.941176470588232,90.44117647058823,93.38235294117648,-2.941176470588246,14,10,HIC
CHE,Switzerland,3.0,450.29999999999995,50.00232078282114,6107.95842,99.26470588235294,93.38235294117648,5.882352941176464,97.05882352941177,77.94117647058823,19.117647058823536,5,31,HIC
CHL,Chile,0.0,0.0,0.0,707.0557,35.294117647058826,50.73529411764706,-15.441176470588232,35.294117647058826,57.35294117647059,-22.05882352941176,42,59,HIC
CHN,China,40.0,204.91,0.1454319629517912,2107.27003,72.79411764705883,68.38235294117648,4.411764705882348,91.17647058823529,100.0,-8.82352941176471,13,1,UMC
CIV,Cote d'Ivoire,0.0,0.0,0.0,63.99303,35.294117647058826,18.38235294117647,16.911764705882355,35.294117647058826,36.76470588235294,-1.470588235294116,42,87,LMC
COG,Congo,0.0,0.0,0.0,126.96941,35.294117647058826,25.0,10.294117647058826,35.294117647058826,21.323529411764707,13.97058823529412,42,108,LMC
COL,Colombia,0.0,0.0,0.0,90.24729,35.294117647058826,22.058823529411764,13.235294117647062,35.294117647058826,47.794117647058826,-12.5,42,72,UMC
CPV,Cape Verde,0.0,0.0,0.0,124.92558,35.294117647058826,24.264705882352942,11.029411764705884,35.294117647058826,2.941176470588235,32.352941176470594,42,133,UMC
CRI,Costa Rica,0.0,0.0,0.0,507.75814,35.294117647058826,44.11764705882353,-8.823529411764703,35.294117647058826,40.44117647058824,-5.147058823529413,42,82,HIC
CUB,Cuba,0.0,0.0,0.0,2171.25568,35.294117647058826,69.11764705882352,-33.823529411764696,35.294117647058826,66.17647058823529,-30.882352941176464,42,47,UMC
CYP,Cyprus,0.0,0.0,0.0,1686.46822,35.294117647058826,66.17647058823529,-30.882352941176464,35.294117647058826,38.970588235294116,-3.67647058823529,42,84,HIC
CZE,Czechia,3.0,17.990000000000002,1.649697735760055,4504.58395,80.88235294117648,80.88235294117648,0.0,79.41176470588235,75.0,4.411764705882348,29,35,HIC
DEU,Germany,40.0,1396.14,16.716917559125047,5926.07432,97.05882352941177,90.44117647058823,6.617647058823536,98.52941176470588,97.79411764705883,0.735294117647058,3,4,HIC
DNK,Denmark,1.0,66.59,11.141055567750467,8837.51688,92.64705882352942,97.79411764705883,-5.147058823529406,85.29411764705883,75.73529411764706,9.558823529411768,21,34,HIC
DOM,Dominican Republic,0.0,0.0,0.0,20.03771,35.294117647058826,3.6764705882352944,31.617647058823533,35.294117647058826,7.352941176470589,27.94117647058824,42,127,UMC
DZA,Algeria,0.0,0.0,0.0,1763.99214,35.294117647058826,66.91176470588235,-31.617647058823522,35.294117647058826,82.35294117647058,-47.058823529411754,42,25,UMC
ECU,Ecuador,0.0,0.0,0.0,400.26149,35.294117647058826,38.970588235294116,-3.67647058823529,35.294117647058826,52.20588235294118,-16.911764705882355,42,66,UMC
EGY,Egypt,0.0,0.0,0.0,1120.22393,35.294117647058826,60.29411764705882,-24.999999999999993,35.294117647058826,88.23529411764706,-52.94117647058823,42,17,LMC
ESP,Spain,3.0,221.87,4.541970699816003,3653.80306,86.76470588235294,77.94117647058823,8.82352941176471,92.64705882352942,90.44117647058823,2.205882352941188,11,14,HIC
EST,Estonia,0.0,0.0,0.0,4800.4412,35.294117647058826,83.08823529411765,-47.794117647058826,35.294117647058826,50.0,-14.705882352941174,42,69,HIC
ETH,Ethiopia,0.0,0.0,0.0,89.03843,35.294117647058826,21.323529411764707,13.97058823529412,35.294117647058826,55.88235294117647,-20.588235294117645,42,61,LIC
FIN,Finland,3.0,391.39,69.64345164896739,8314.89822,100.0,96.32352941176471,3.67647058823529,96.32352941176471,74.26470588235294,22.058823529411768,6,36,HIC
FRA,France,23.0,334.65,4.881720357640391,5368.63555,87.5,86.02941176470588,1.470588235294116,94.85294117647058,94.85294117647058,0.0,8,8,HIC
GBR,United Kingdom,9.0,378.12,5.462109611995493,4472.69458,88.23529411764706,80.14705882352942,8.088235294117638,95.58823529411765,94.11764705882352,1.4705882352941302,7,9,HIC
GEO,Georgia,0.0,0.0,0.0,1895.99928,35.294117647058826,67.64705882352942,-32.352941176470594,35.294117647058826,51.470588235294116,-16.17647058823529,42,67,UMC
GHA,Ghana,0.0,0.0,0.0,87.47972,35.294117647058826,20.588235294117645,14.705882352941181,35.294117647058826,42.64705882352941,-7.352941176470587,42,79,LMC
GMB,Gambia,0.0,0.0,0.0,50.8608,35.294117647058826,13.970588235294118,21.32352941176471,35.294117647058826,5.147058823529411,30.147058823529413,42,130,LIC
GRC,Greece,0.0,0.0,0.0,5283.3671,35.294117647058826,84.55882352941177,-49.26470588235294,35.294117647058826,77.20588235294117,-41.91176470588235,42,32,HIC
GTM,Guatemala,0.0,0.0,0.0,1.44569,35.294117647058826,0.7352941176470588,34.55882352941177,35.294117647058826,2.2058823529411766,33.08823529411765,42,134,UMC
HND,Honduras,0.0,0.0,0.0,187.83669,35.294117647058826,32.35294117647059,2.941176470588239,35.294117647058826,36.029411764705884,-0.735294117647058,42,88,LMC
HRV,Croatia,0.0,0.0,0.0,2440.27743,35.294117647058826,72.79411764705883,-37.5,35.294117647058826,53.67647058823529,-18.382352941176464,42,64,HIC
HUN,Hungary,1.0,3.1,0.3241977543553615,4567.0829,75.73529411764706,81.61764705882352,-5.882352941176464,71.32352941176471,73.52941176470588,-2.205882352941174,40,37,HIC
IDN,Indonesia,0.0,0.0,0.0,395.34168,35.294117647058826,38.23529411764706,-2.941176470588232,35.294117647058826,84.55882352941177,-49.26470588235294,42,22,UMC
IND,India,6.0,113.49000000000001,0.07821848541056493,259.26325,70.58823529411765,35.294117647058826,35.294117647058826,88.23529411764706,95.58823529411765,-7.352941176470594,17,7,LMC
IRL,Ireland,2.0,6.699999999999999,1.2417088137232917,5752.79698,80.14705882352942,89.70588235294117,-9.558823529411754,75.0,69.11764705882352,5.882352941176478,35,43,HIC
IRN,Iran,0.0,0.0,0.0,2239.74005,35.294117647058826,70.58823529411765,-35.294117647058826,35.294117647058826,91.91176470588235,-56.61764705882352,42,12,UMC
IRQ,Iraq,0.0,0.0,0.0,164.28484,35.294117647058826,30.14705882352941,5.147058823529417,35.294117647058826,52.94117647058824,-17.647058823529413,42,65,UMC
ISL,Iceland,1.0,10.53,27.24407900524183,5952.52033,98.52941176470588,91.17647058823529,7.352941176470594,77.94117647058823,39.705882352941174,38.23529411764706,31,83,HIC
ITA,Italy,18.0,888.81,15.076662132410414,2855.12509,94.85294117647058,76.47058823529412,18.382352941176464,97.79411764705883,89.70588235294117,8.088235294117652,4,15,HIC
JOR,Jordan,0.0,0.0,0.0,576.00927,35.294117647058826,46.32352941176471,-11.029411764705884,35.294117647058826,50.73529411764706,-15.441176470588232,42,68,UMC
JPN,Japan,43.0,1426.0,11.502284594897482,5608.63075,93.38235294117648,87.5,5.882352941176478,99.26470588235294,98.52941176470588,0.735294117647058,2,3,HIC
KAZ,Kazakhstan,2.0,38.41,1.865235768763405,758.00637,81.61764705882352,52.20588235294118,29.41176470588234,82.35294117647058,59.55882352941176,22.79411764705882,25,56,UMC
KEN,Kenya,0.0,0.0,0.0,384.02423,35.294117647058826,37.5,-2.205882352941174,35.294117647058826,63.970588235294116,-28.67647058823529,42,50,LMC
KHM,Cambodia,0.0,0.0,0.0,30.38923,35.294117647058826,8.823529411764707,26.47058823529412,35.294117647058826,13.23529411764706,22.058823529411768,42,119,LMC
KOR,South Korea,15.0,323.11,6.243543007279174,9471.82543,89.70588235294117,99.26470588235294,-9.558823529411768,94.11764705882352,97.05882352941177,-2.941176470588246,9,5,HIC
KWT,Kuwait,0.0,0.0,0.0,144.75416,35.294117647058826,28.676470588235293,6.6176470588235325,35.294117647058826,17.647058823529413,17.647058823529413,42,113,HIC
LAO,Laos,0.0,0.0,0.0,15.62884,35.294117647058826,1.4705882352941175,33.82352941176471,35.294117647058826,4.411764705882353,30.88235294117647,42,131,LMC
LIE,Liechtenstein,0.0,0.0,0.0,18129.75165,35.294117647058826,100.0,-64.70588235294117,35.294117647058826,19.852941176470587,15.441176470588239,42,110,HIC
LKA,Sri Lanka,0.0,0.0,0.0,94.4866,35.294117647058826,22.794117647058822,12.500000000000004,35.294117647058826,37.5,-2.205882352941174,42,86,UMC
LSO,Lesotho,0.0,0.0,0.0,32.23847,35.294117647058826,9.558823529411764,25.73529411764706,35.294117647058826,3.6764705882352944,31.617647058823533,42,132,LMC
LTU,Lithuania,0.0,0.0,0.0,3703.86273,35.294117647058826,79.41176470588235,-44.11764705882352,35.294117647058826,55.14705882352941,-19.852941176470587,42,62,HIC
LUX,Luxembourg,1.0,10.52,15.538867848723509,5359.06637,95.58823529411765,85.29411764705883,10.294117647058826,77.20588235294117,44.85294117647059,32.35294117647059,32,76,HIC
LVA,Latvia,0.0,0.0,0.0,2190.86637,35.294117647058826,69.85294117647058,-34.558823529411754,35.294117647058826,47.05882352941176,-11.764705882352935,42,73,HIC
MAR,Morocco,1.0,3.16,0.08298063717732646,1083.42555,71.32352941176471,59.55882352941176,11.76470588235295,72.05882352941177,70.58823529411765,1.470588235294116,39,41,LMC
MCO,Monaco,0.0,0.0,0.0,309.90455,35.294117647058826,36.029411764705884,-0.735294117647058,35.294117647058826,0.7352941176470588,34.55882352941177,42,136,HIC
MDA,Moldova,0.0,0.0,0.0,649.94365,35.294117647058826,48.529411764705884,-13.235294117647058,35.294117647058826,31.61764705882353,3.676470588235297,42,94,UMC
MDG,Madagascar,0.0,0.0,0.0,32.94427,35.294117647058826,10.294117647058822,25.000000000000004,35.294117647058826,25.0,10.294117647058826,42,103,LIC
MEX,Mexico,0.0,0.0,0.0,438.24497,35.294117647058826,40.44117647058824,-5.147058823529413,35.294117647058826,78.67647058823529,-43.382352941176464,42,30,UMC
MKD,North Macedonia,0.0,0.0,0.0,888.07078,35.294117647058826,55.14705882352941,-19.852941176470587,35.294117647058826,33.088235294117645,2.205882352941181,42,92,UMC
MLI,Mali,0.0,0.0,0.0,26.03785,35.294117647058826,6.61764705882353,28.676470588235297,35.294117647058826,15.441176470588236,19.85294117647059,42,116,LIC
MLT,Malta,0.0,0.0,0.0,2354.97188,35.294117647058826,71.32352941176471,-36.029411764705884,35.294117647058826,28.676470588235293,6.6176470588235325,42,98,HIC
MMR,Myanmar,0.0,0.0,0.0,28.00891,35.294117647058826,8.088235294117647,27.20588235294118,35.294117647058826,30.14705882352941,5.147058823529417,42,96,LMC
MNE,Montenegro,0.0,0.0,0.0,764.41883,35.294117647058826,52.94117647058824,-17.647058823529413,35.294117647058826,11.76470588235294,23.529411764705884,42,121,UMC
MNG,Mongolia,0.0,0.0,0.0,535.37392,35.294117647058826,44.85294117647059,-9.558823529411761,35.294117647058826,34.55882352941176,0.7352941176470651,42,90,UMC
MOZ,Mozambique,0.0,0.0,0.0,44.41136,35.294117647058826,12.5,22.794117647058826,35.294117647058826,30.88235294117647,4.411764705882355,42,95,LIC
MUS,Mauritius,0.0,0.0,0.0,688.52747,35.294117647058826,49.26470588235294,-13.970588235294116,35.294117647058826,22.058823529411764,13.235294117647062,42,107,UMC
MWI,Malawi,0.0,0.0,0.0,25.16829,35.294117647058826,5.88235294117647,29.411764705882355,35.294117647058826,13.970588235294118,21.32352941176471,42,118,LIC
MYS,Malaysia,0.0,0.0,0.0,1218.32989,35.294117647058826,61.029411764705884,-25.735294117647058,35.294117647058826,72.05882352941177,-36.76470588235294,42,39,UMC
NAM,Namibia,0.0,0.0,0.0,224.81068,35.294117647058826,33.088235294117645,2.205882352941181,35.294117647058826,16.911764705882355,18.38235294117647,42,114,LMC
NER,Niger,0.0,0.0,0.0,26.93895,35.294117647058826,7.352941176470589,27.94117647058824,35.294117647058826,19.11764705882353,16.176470588235297,42,111,LIC
NGA,Nigeria,0.0,0.0,0.0,22.12011,35.294117647058826,4.411764705882353,30.88235294117647,35.294117647058826,49.26470588235294,-13.970588235294116,42,70,LMC
NIC,Nicaragua,0.0,0.0,0.0,71.26696,35.294117647058826,19.11764705882353,16.176470588235297,35.294117647058826,12.5,22.794117647058826,42,120,LMC
NLD,Netherlands,7.0,291.3,16.189192921771408,6563.33599,96.32352941176471,94.11764705882352,2.205882352941188,93.38235294117648,86.02941176470588,7.352941176470594,10,20,HIC
NOR,Norway,9.0,44.07,7.908792793756379,7450.59492,91.91176470588235,95.58823529411765,-3.676470588235304,83.08823529411765,71.32352941176471,11.764705882352942,24,40,HIC
NPL,Nepal,0.0,0.0,0.0,59.65797,35.294117647058826,16.911764705882355,18.38235294117647,35.294117647058826,33.82352941176471,1.470588235294116,42,91,LMC
NZL,New Zealand,0.0,0.0,0.0,5435.46099,35.294117647058826,86.76470588235294,-51.470588235294116,35.294117647058826,68.38235294117648,-33.08823529411765,42,44,HIC
OMN,Oman,0.0,0.0,0.0,739.41404,35.294117647058826,51.470588235294116,-16.17647058823529,35.294117647058826,45.588235294117645,-10.294117647058819,42,75,HIC
PAK,Pakistan,0.0,0.0,0.0,473.71632,35.294117647058826,41.911764705882355,-6.617647058823529,35.294117647058826,86.76470588235294,-51.470588235294116,42,19,LMC
PAN,Panama,0.0,0.0,0.0,250.47421,35.294117647058826,34.55882352941176,0.7352941176470651,35.294117647058826,26.47058823529412,8.823529411764707,42,101,HIC
PHL,Philippines,0.0,0.0,0.0,320.27857,35.294117647058826,36.76470588235294,-1.470588235294116,35.294117647058826,69.85294117647058,-34.558823529411754,42,42,UMC
PNG,Papua New Guinea,0.0,0.0,0.0,33.15884,35.294117647058826,11.029411764705882,24.264705882352942,35.294117647058826,9.558823529411764,25.73529411764706,42,124,LMC
POL,Poland,8.0,70.99,1.9417803431488838,3675.06022,83.08823529411765,78.67647058823529,4.411764705882362,87.5,88.97058823529412,-1.470588235294116,18,16,HIC
PRT,Portugal,1.0,4.02,0.37588778945346757,5983.27041,76.47058823529412,91.91176470588235,-15.441176470588232,72.79411764705883,80.88235294117648,-8.088235294117652,38,27,HIC
PRY,Paraguay,0.0,0.0,0.0,138.79238,35.294117647058826,27.205882352941174,8.088235294117652,35.294117647058826,23.52941176470588,11.764705882352946,42,105,UMC
QAT,Qatar,0.0,0.0,0.0,947.77921,35.294117647058826,58.08823529411765,-22.794117647058826,35.294117647058826,41.17647058823529,-5.882352941176464,42,81,HIC
ROU,Romania,0.0,0.0,0.0,1082.10503,35.294117647058826,58.82352941176471,-23.529411764705884,35.294117647058826,63.23529411764706,-27.941176470588232,42,51,HIC
RUS,Russia,5.0,68.98,0.48058349664149963,2638.56451,77.94117647058823,74.26470588235294,3.67647058823529,86.76470588235294,96.32352941176471,-9.558823529411768,19,6,HIC
RWA,Rwanda,0.0,0.0,0.0,133.11989,35.294117647058826,25.735294117647058,9.558823529411768,35.294117647058826,35.294117647058826,0.0,42,89,LIC
SAU,Saudi Arabia,7.0,216.51999999999998,6.133662395879012,1234.71384,88.97058823529412,61.76470588235294,27.205882352941174,91.91176470588235,72.79411764705883,19.117647058823522,12,38,HIC
SEN,Senegal,0.0,0.0,0.0,572.42133,35.294117647058826,45.588235294117645,-10.294117647058819,35.294117647058826,54.41176470588235,-19.117647058823522,42,63,LMC
SGP,Singapore,5.0,38.29,6.34270133811286,8781.74332,91.17647058823529,97.05882352941177,-5.882352941176478,81.61764705882352,76.47058823529412,5.147058823529406,26,33,HIC
SLV,El Salvador,0.0,0.0,0.0,55.47028,35.294117647058826,14.705882352941178,20.58823529411765,35.294117647058826,10.294117647058822,25.000000000000004,42,123,UMC
SRB,Serbia,0.0,0.0,0.0,2687.54708,35.294117647058826,75.73529411764706,-40.44117647058823,35.294117647058826,61.029411764705884,-25.735294117647058,42,54,UMC
SVK,Slovakia,1.0,10.21,1.8830450147351503,3506.62001,82.35294117647058,77.20588235294117,5.147058823529406,76.47058823529412,61.76470588235294,14.705882352941174,33,53,HIC
SVN,Slovenia,2.0,6.92,3.2527968412146278,5616.34857,84.55882352941177,88.23529411764706,-3.67647058823529,75.73529411764706,56.61764705882353,19.11764705882353,34,60,HIC
SWE,Sweden,8.0,66.95,6.334138432761016,8910.73864,90.44117647058823,98.52941176470588,-8.088235294117652,86.02941176470588,83.82352941176471,2.205882352941174,20,23,HIC
SWZ,Eswatini,0.0,0.0,0.0,137.91577,35.294117647058826,26.47058823529412,8.823529411764707,35.294117647058826,5.88235294117647,29.411764705882355,42,129,LMC
SYC,Seychelles,0.0,0.0,0.0,146.54162,35.294117647058826,29.411764705882355,5.882352941176471,35.294117647058826,1.4705882352941175,33.82352941176471,42,135,HIC
SYR,Syria,0.0,0.0,0.0,139.93785,35.294117647058826,27.941176470588236,7.3529411764705905,35.294117647058826,44.11764705882353,-8.823529411764703,42,77,LIC
TCD,Chad,0.0,0.0,0.0,56.72121,35.294117647058826,15.441176470588236,19.85294117647059,35.294117647058826,27.205882352941174,8.088235294117652,42,100,LIC
TGO,Togo,0.0,0.0,0.0,57.79402,35.294117647058826,16.176470588235293,19.117647058823533,35.294117647058826,14.705882352941178,20.58823529411765,42,117,LMC
THA,Thailand,2.0,22.0,0.3069709859814583,1591.96746,75.0,63.970588235294116,11.029411764705884,80.14705882352942,85.29411764705883,-5.147058823529406,28,21,UMC
TTO,Trinidad and Tobago,0.0,0.0,0.0,492.71552,35.294117647058826,42.64705882352941,-7.352941176470587,35.294117647058826,16.176470588235293,19.117647058823533,42,115,HIC
TUN,Tunisia,0.0,0.0,0.0,1667.61164,35.294117647058826,65.44117647058823,-30.147058823529406,35.294117647058826,62.5,-27.205882352941174,42,52,LMC
TUR,Turkey,2.0,15.09,0.17645271597505485,2644.6573,73.52941176470588,75.0,-1.470588235294116,78.67647058823529,92.64705882352942,-13.97058823529413,30,11,UMC
TZA,Tanzania,0.0,0.0,0.0,19.31703,35.294117647058826,2.941176470588235,32.352941176470594,35.294117647058826,27.941176470588236,7.3529411764705905,42,99,LMC
UGA,Uganda,0.0,0.0,0.0,81.30601,35.294117647058826,19.852941176470587,15.441176470588239,35.294117647058826,46.32352941176471,-11.029411764705884,42,74,LIC
UKR,Ukraine,0.0,0.0,0.0,586.07925,35.294117647058826,47.05882352941176,-11.764705882352935,35.294117647058826,64.70588235294117,-29.411764705882348,42,49,UMC
URY,Uruguay,0.0,0.0,0.0,937.57039,35.294117647058826,56.61764705882353,-21.323529411764703,35.294117647058826,43.38235294117647,-8.088235294117645,42,78,HIC
USA,United States,171.0,6961.3,20.467730375120958,4937.49441,97.79411764705883,83.82352941176471,13.970588235294116,100.0,99.26470588235294,0.735294117647058,1,2,HIC
UZB,Uzbekistan,0.0,0.0,0.0,639.53651,35.294117647058826,47.794117647058826,-12.5,35.294117647058826,65.44117647058823,-30.147058823529406,42,48,LMC
VEN,Venezuela,0.0,0.0,0.0,179.95961,35.294117647058826,31.61764705882353,3.676470588235297,35.294117647058826,48.529411764705884,-13.235294117647058,42,71,LMC
VNM,Vietnam,1.0,46.65,0.46193750790566684,836.10677,77.20588235294117,53.67647058823529,23.529411764705884,83.82352941176471,83.08823529411765,0.735294117647058,23,24,UMC
ZAF,South Africa,0.0,0.0,0.0,444.16298,35.294117647058826,41.17647058823529,-5.882352941176464,35.294117647058826,66.91176470588235,-31.617647058823522,42,46,UMC
ZMB,Zambia,0.0,0.0,0.0,41.90146,35.294117647058826,11.76470588235294,23.529411764705884,35.294117647058826,22.794117647058822,12.500000000000004,42,106,LMC
ZWE,Zimbabwe,0.0,0.0,0.0,95.1253,35.294117647058826,23.52941176470588,11.764705882352946,35.294117647058826,32.35294117647059,2.941176470588239,42,93,LMC
